GROUP,PACKAGE,CLASS,INSTRUCTION_MISSED,INSTRUCTION_COVERED,BRANCH_MISSED,BRANCH_COVERED,LINE_MISSED,LINE_COVERED,COMPLEXITY_MISSED,COMPLEXITY_COVERED,METHOD_MISSED,METHOD_COVERED
wal-mobile-api,com.doku.wallet.module.getConfig.dto.response,GetConfigResponseDto,3,0,0,0,1,0,1,0,1,0
wal-mobile-api,com.doku.wallet.entity,Configuration,14,0,0,0,4,0,4,0,4,0
wal-mobile-api,com.doku.wallet.services,ServiceExecutorImpl,17,0,0,0,5,0,3,0,3,0
wal-mobile-api,com.doku.wallet.services,AbstractCommand,35,0,2,0,9,0,5,0,4,0
wal-mobile-api,com.doku.wallet.aop,LoggingHandler,103,0,6,0,25,0,11,0,8,0
wal-mobile-api,com.doku.wallet.aop,BasePointCut,9,0,0,0,7,0,7,0,7,0
wal-mobile-api,com.doku.wallet.module.getConfig.controller,GetConfigController,34,0,0,0,12,0,2,0,2,0
wal-mobile-api,com.doku.wallet.dto.response,BaseResponse,197,0,32,0,15,0,31,0,15,0
wal-mobile-api,com.doku.wallet.dto.response,BaseResponse.BaseResponseBuilder,36,0,0,0,1,0,6,0,6,0
wal-mobile-api,com.doku.wallet.dto.response,BaseErrorResponse,52,0,0,0,13,0,11,0,11,0
wal-mobile-api,com.doku.wallet.enums,ResponseEnum,42,0,0,0,7,0,6,0,6,0
wal-mobile-api,com.doku.wallet.constants,MessageConstant,7,0,0,0,2,0,1,0,1,0
wal-mobile-api,com.doku.wallet.module.getConfig.services.impl,GetConfigRequestServiceCommandImpl,5,0,0,0,2,0,2,0,2,0
wal-mobile-api,com.doku.wallet.module.getConfig.services,GetConfigRequestService,297,0,54,0,8,0,45,0,18,0
wal-mobile-api,com.doku.wallet.module.getConfig.services,GetConfigRequestService.GetConfigRequestServiceBuilder,63,0,0,0,1,0,9,0,9,0
wal-mobile-api,com.doku.wallet,DwMobileapiApplication,8,0,0,0,3,0,2,0,2,0
wal-mobile-api,com.doku.wallet.utils,JsonUtils,63,0,0,0,17,0,5,0,5,0
wal-mobile-api,com.doku.wallet.exceptions,CommandValidationException,9,0,0,0,4,0,2,0,2,0
wal-mobile-api,com.doku.wallet.module.getConfig.dto.request,GetConfigRequestDto,45,0,0,0,8,0,13,0,13,0
